调整日期,汽油价格真实值_CNY_per_ton,汽油涨跌真实值_CNY_per_ton,理论国内成本_USD_per_bbl_本期10工作日均值,理论国内成本_USD_per_bbl_上期10工作日均值,理论国内成本_USD_per_bbl_涨跌值,汽油价格变化率,理论国内成本_USD_per_bbl_变化率,汽油变化率_理论国内成本USD变化率比值,匹配成本日期,10工作日窗口开始日期,10工作日窗口结束日期
2025-02-20,8740.0,-170.0,76.19399999999999,79.3601,-3.1661000000000143,-0.019079685746352437,-0.039895363035077014,0.47824319156030975,2025-02-20,2025-02-07,2025-02-20
2025-01-17,8910.0,340.0,79.3601,73.437,5.923100000000005,0.03967327887981331,0.08065552786742392,0.4918854284237722,2025-01-17,2025-01-06,2025-01-17
2025-01-03,8570.0,70.0,73.437,73.12800000000001,0.3089999999999833,0.008235294117647118,0.00422546767312082,1.948966304968734,2025-01-03,2024-12-18,2025-01-03
2024-11-07,8500.0,-145.0,73.12800000000001,74.23769999999999,-1.1096999999999753,-0.01677270098322725,-0.01494793076832901,1.1220751047873785,2024-11-07,2024-10-24,2024-11-07
2024-10-24,8645.0,90.0,74.23769999999999,76.0479,-1.810200000000009,0.010520163646990044,-0.02380341863483426,-0.4419601994309627,2024-10-24,2024-10-11,2024-10-24
2024-10-11,8555.0,140.0,76.0479,72.4315,3.6163999999999987,0.016636957813428443,0.049928553184733104,0.33321529970781544,2024-10-11,2024-09-30,2024-10-11
2024-02-01,8980.0,200.0,79.95590000000001,76.4858,3.4701000000000164,0.02277904328018221,0.04536920578721815,0.502081596645444,2024-02-01,2024-01-19,2024-02-01
2024-01-18,8780.0,-50.0,76.4858,77.0087,-0.522900000000007,-0.005662514156285381,-0.006790141893058932,0.8339316387590895,2024-01-18,2024-01-05,2024-01-18
2024-01-04,8830.0,200.0,77.0087,74.9212,2.0875000000000057,0.023174971031286296,0.02786260764643389,0.8317588692834512,2024-01-04,2023-12-19,2024-01-04
2023-12-20,8630.0,-415.0,74.9212,79.21860000000001,-4.29740000000001,-0.04588170259812052,-0.05424736109953987,0.8457868118954397,2023-12-20,2023-12-07,2023-12-20
2023-07-27,9055.0,275.0,79.976,76.0413,3.9346999999999923,0.031321184510250566,0.051744249506518125,0.6053075425570739,2023-07-27,2023-07-14,2023-07-27
2023-07-13,8780.0,155.0,76.0413,73.5111,2.5302000000000078,0.017971014492753623,0.03441929178042513,0.5221204029239805,2023-07-13,2023-06-30,2023-07-13
2023-06-29,8625.0,70.0,73.5111,72.8018,0.7092999999999989,0.008182349503214503,0.009742890972475937,0.8398276780813798,2023-06-28,2023-06-15,2023-06-28
2023-06-14,8555.0,-55.0,72.8018,73.4932,-0.6914000000000016,-0.006387921022067311,-0.009407673090843782,0.6790117981761602,2023-06-14,2023-05-31,2023-06-14
2023-05-31,8610.0,100.0,73.4932,72.7056,0.7875999999999976,0.011750881316098694,0.010832728152989635,1.0847573344537096,2023-05-31,2023-05-17,2023-05-31
2023-04-01,8500.0,-335.0,73.24629999999999,77.5042,-4.2579000000000065,-0.03791737408036222,-0.05493766789412713,0.6901890002581564,2023-03-31,2023-03-20,2023-03-31
2023-01-18,8725.0,-205.0,76.7756,76.0086,0.7669999999999959,-0.02295632698768202,0.010090963390984697,-2.2749390814549266,2023-01-18,2023-01-05,2023-01-18
2023-01-04,8930.0,250.0,76.0086,74.7957,1.2129000000000048,0.02880184331797242,0.01621617285485666,1.7761184205277152,2023-01-04,2022-12-19,2023-01-04
2022-01-01,8130.0,140.0,73.8666,72.8805,0.9861000000000075,0.017521902377972465,0.013530368205487253,1.295005583873648,2021-12-31,2021-12-16,2021-12-31
2021-12-18,7990.0,-130.0,72.8805,75.2947,-2.414200000000008,-0.016009852216748777,-0.0320633457600602,0.4993194514557334,2021-12-17,2021-12-06,2021-12-17
2021-10-10,8345.0,345.0,78.46809999999999,71.5096,6.958499999999987,0.04312500000000008,0.09730861310928862,0.44317762448803794,2021-10-08,2021-09-27,2021-10-08
2021-09-19,8000.0,90.0,71.5096,70.2942,1.2154000000000025,0.011378002528444897,0.017290188948732688,0.6580612023490273,2021-09-17,2021-09-06,2021-09-17
2021-09-07,7910.0,140.0,70.2942,67.711,2.583200000000005,0.018018018018018056,0.03815037438525515,0.4722894154606748,2021-09-07,2021-08-25,2021-09-07
2021-08-24,7770.0,-250.0,67.711,72.4716,-4.760599999999997,-0.03117206982543641,-0.06568918031339166,0.47453887651999743,2021-08-24,2021-08-11,2021-08-24
2021-07-27,8020.0,-100.0,72.4716,74.29769999999999,-1.8260999999999967,-0.012315270935960632,-0.024578149794677318,0.5010658263067322,2021-07-27,2021-07-13,2021-07-27
2021-07-13,8120.0,70.0,74.29769999999999,73.185,1.1126999999999896,0.008695652173912993,0.015203935232629417,0.571934307852819,2021-07-13,2021-06-30,2021-07-13
2021-06-29,8050.0,225.0,73.185,69.5747,3.610299999999995,0.028753993610223683,0.051890989109546926,0.5541230588131825,2021-06-29,2021-06-16,2021-06-29
2021-06-12,7825.0,175.0,69.5747,66.7313,2.8434000000000026,0.02287581699346397,0.042609689905636516,0.5368688916564469,2021-06-11,2021-05-28,2021-06-11
2021-05-15,7650.0,100.0,66.7313,64.3511,2.380200000000002,0.013245033112582849,0.03698771271975154,0.3580927864595954,2021-05-14,2021-04-29,2021-05-14
2021-04-29,7550.0,100.0,64.3511,61.90169999999999,2.4494000000000113,0.01342281879194629,0.03956918792214137,0.33922401486625925,2021-04-29,2021-04-16,2021-04-29
2021-04-01,7450.0,-225.0,61.90169999999999,66.70340000000002,-4.801700000000025,-0.02931596091205213,-0.07198583580447204,0.4072462392696274,2021-04-01,2021-03-19,2021-04-01
2021-03-18,7675.0,235.0,66.70340000000002,63.562200000000004,3.141200000000012,0.03158602150537626,0.04941930896035718,0.63914332615848,2021-03-18,2021-03-05,2021-03-18
2021-03-04,7440.0,260.0,63.562200000000004,61.29269999999999,2.269500000000015,0.0362116991643453,0.03702724794306689,0.9779743614762951,2021-03-04,2021-02-19,2021-03-04
2021-02-19,7180.0,275.0,61.29269999999999,54.9316,6.361099999999986,0.03982621288921062,0.1158003771963676,0.3439212708407299,2021-02-19,2021-02-05,2021-02-19
2021-01-30,6905.0,75.0,54.9316,54.221799999999995,0.7098000000000084,0.010980966325036645,0.013090675706081578,0.8388387713198932,2021-01-29,2021-01-18,2021-01-29
2021-01-16,6830.0,185.0,54.221799999999995,50.7334,3.4883999999999915,0.02784048156508656,0.06875943658418304,0.40489688322272843,2021-01-15,2020-12-31,2021-01-15
2021-01-01,6645.0,90.0,50.7334,49.9504,0.7830000000000013,0.013729977116704761,0.01567555014574462,0.8758848645852461,2020-12-31,2020-12-16,2020-12-31
2020-12-18,6555.0,155.0,49.9504,47.076299999999996,2.8741000000000057,0.024218749999999956,0.061051951831388784,0.3966908390887564,2020-12-18,2020-12-07,2020-12-18
2020-12-04,6400.0,250.0,47.076299999999996,42.8647,4.211599999999997,0.04065040650406515,0.0982533413274791,0.4137305251388556,2020-12-04,2020-11-23,2020-12-04
2020-08-22,6395.0,85.0,43.841,42.44029999999999,1.4007000000000076,0.01347068145800323,0.033004007982978534,0.40815289661033266,2020-08-21,2020-08-07,2020-08-21
2020-07-11,6310.0,100.0,42.44029999999999,41.4463,0.9939999999999927,0.016103059581320522,0.023982840446553633,0.6714408836270499,2020-07-09,2020-06-26,2020-07-09
2020-02-19,7105.0,-415.0,55.4501,58.6543,-3.2042,-0.05518617021276595,-0.05462856090687296,1.010207285285138,2020-02-19,2020-02-06,2020-02-19
2020-02-05,7520.0,-420.0,58.6543,67.2313,-8.577000000000005,-0.052896725440806036,-0.12757450770697587,0.41463397658020984,2020-02-05,2020-01-22,2020-02-05
2019-12-31,7940.0,235.0,67.2313,62.947900000000004,4.2834,0.030499675535366588,0.06804674977243086,0.4482164928871229,2019-12-31,2019-12-16,2019-12-31
2019-12-03,7705.0,55.0,62.947900000000004,61.678399999999996,1.2695000000000078,0.007189542483660105,0.02058257023528509,0.3493024632722951,2019-12-03,2019-11-20,2019-12-03
2019-11-19,7650.0,70.0,61.678399999999996,60.2669,1.4114999999999966,0.00923482849604218,0.023420816401706457,0.39430002514213486,2019-11-19,2019-11-06,2019-11-19
2019-11-05,7580.0,105.0,60.2669,58.508500000000005,1.7583999999999946,0.014046822742474818,0.030053752873514084,0.46738997294591017,2019-11-05,2019-10-22,2019-11-05
2019-10-22,7475.0,-150.0,58.508500000000005,61.3516,-2.8430999999999926,-0.01967213114754096,-0.04634108971893147,0.4245073058673545,2019-10-22,2019-10-09,2019-10-22
2019-09-19,7625.0,125.0,61.3516,57.696400000000004,3.6551999999999936,0.016666666666666607,0.06335230620974608,0.2630790836798711,2019-09-19,2019-09-06,2019-09-19
2019-09-04,7500.0,115.0,57.696400000000004,57.118700000000004,0.5777000000000001,0.015572105619499066,0.010114025704366592,1.5396545425800157,2019-09-04,2019-08-21,2019-09-04
2019-08-21,7385.0,-210.0,57.118700000000004,60.2792,-3.160499999999999,-0.027649769585253448,-0.052431020982362075,0.5273551624057616,2019-08-21,2019-08-06,2019-08-21
2019-08-07,7595.0,-80.0,60.2792,62.677800000000005,-2.398600000000002,-0.01042345276872969,-0.03826873310805423,0.27237517216204676,2019-08-07,2019-07-25,2019-08-07
2019-07-10,7675.0,150.0,62.677800000000005,61.592000000000006,1.085799999999999,0.019933554817275656,0.01762891284582402,1.13073080521795,2019-07-10,2019-06-27,2019-07-10
2019-06-26,7525.0,-120.0,61.592000000000006,63.49559999999999,-1.903599999999983,-0.015696533682145186,-0.02998003011232253,0.5235663080836441,2019-06-26,2019-06-13,2019-06-26
2019-06-12,7645.0,-465.0,63.49559999999999,69.4573,-5.961700000000015,-0.05733662145499385,-0.08583259067081528,0.6680052530965886,2019-06-12,2019-05-24,2019-06-12
2019-05-28,8110.0,50.0,69.4573,69.3802,0.0771000000000015,0.006203473945409321,0.0011112680563043487,5.5823380418579625,2019-05-28,2019-05-13,2019-05-28
2019-05-14,8060.0,-75.0,69.3802,70.525,-1.1448000000000036,-0.009219422249538978,-0.01623254165189658,0.5679592541480895,2019-05-14,2019-04-29,2019-05-14
2019-04-27,8135.0,195.0,70.525,68.5666,1.9584000000000117,0.024559193954659886,0.028562011241625163,0.8598552023139139,2019-04-26,2019-04-11,2019-04-26
2019-04-13,7940.0,-50.0,68.5666,65.86670000000001,2.6998999999999853,-0.006257822277847325,0.040990363871273194,-0.15266569229537683,2019-04-12,2019-04-01,2019-04-12
2019-03-29,7990.0,80.0,65.86670000000001,64.6929,1.1738000000000142,0.010113780025284402,0.01814418583801336,0.5574116202059237,2019-03-29,2019-03-18,2019-03-29
2019-03-01,7910.0,270.0,64.6929,61.21450000000001,3.4783999999999864,0.035340314136125706,0.05682313830873387,0.6219352747486987,2019-03-01,2019-02-18,2019-03-01
2019-02-15,7640.0,50.0,61.21450000000001,59.3024,1.9121000000000095,0.006587615283267567,0.03224321443988787,0.20431012843180027,2019-02-15,2019-01-31,2019-02-15
2019-01-29,7590.0,245.0,59.3024,55.7322,3.5702,0.03335602450646702,0.06405991509396713,0.5207004170632804,2019-01-29,2019-01-16,2019-01-29
2019-01-15,7345.0,105.0,55.7322,54.6043,1.1278999999999968,0.014502762430939287,0.020655882412190962,0.7021129449487887,2019-01-15,2019-01-02,2019-01-15
2018-12-29,7240.0,-370.0,54.6043,58.57770000000001,-3.973400000000005,-0.048620236530880434,-0.06783127367581865,0.7167820077100099,2018-12-28,2018-12-12,2018-12-28
2018-12-15,7610.0,-125.0,58.57770000000001,59.3938,-0.8160999999999916,-0.01616031027795739,-0.013740491431765478,1.1761086099582827,2018-12-14,2018-12-03,2018-12-14
2018-12-01,7735.0,-540.0,59.3938,67.4133,-8.019500000000008,-0.06525679758308156,-0.11896020518206363,0.5485598943210358,2018-11-30,2018-11-19,2018-11-30
2018-11-17,8275.0,-510.0,67.4133,74.6712,-7.257899999999992,-0.05805350028457601,-0.0971981165429241,0.5972698067553474,2018-11-16,2018-11-02,2018-11-16
2018-11-03,8785.0,-375.0,74.6712,79.6401,-4.968900000000005,-0.040938864628821015,-0.06239193572082413,0.6561563470638904,2018-11-02,2018-10-22,2018-11-02
2018-10-20,9160.0,165.0,79.6401,78.4302,1.2099000000000046,0.01834352418009999,0.015426455625511704,1.189095189809132,2018-10-19,2018-10-08,2018-10-19
2018-10-01,8995.0,240.0,78.4302,75.4143,3.015900000000002,0.027412906910337043,0.03999108922313144,0.6854753757114725,2018-10-01,2018-09-18,2018-10-01
2018-09-18,8755.0,145.0,75.4143,73.4272,1.987099999999998,0.016840882694541204,0.0270621785932188,0.6223032870960791,2018-09-18,2018-09-05,2018-09-18
2018-09-04,8610.0,180.0,73.4272,69.8304,3.5968000000000018,0.021352313167259718,0.05150765282742187,0.41454642165119354,2018-09-04,2018-08-20,2018-09-04
2018-08-21,8430.0,-50.0,69.8304,71.8531,-2.0227000000000004,-0.005896226415094352,-0.028150490375502213,0.2094537727920188,2018-08-21,2018-08-07,2018-08-21
2018-08-07,8480.0,70.0,71.8531,70.9702,0.8828999999999922,0.00832342449464929,0.012440432745011165,0.6690622959227147,2018-08-07,2018-07-25,2018-08-07
2018-07-24,8410.0,-125.0,70.9702,75.8703,-4.900099999999995,-0.014645577035735213,-0.06458521977638143,0.2267636014314694,2018-07-24,2018-07-11,2018-07-24
2018-07-10,8535.0,270.0,75.8703,74.29870000000001,1.5715999999999894,0.03266787658802173,0.021152456234092787,1.544401095858021,2018-07-10,2018-06-27,2018-07-10
2018-06-26,8265.0,-55.0,74.29870000000001,75.1245,-0.8257999999999868,-0.006610576923076872,-0.010992419250710261,0.601375982147855,2018-06-26,2018-06-12,2018-06-26
2018-06-09,8320.0,-130.0,75.1245,76.1687,-1.0442000000000036,-0.01538461538461533,-0.013709043215914152,1.1222238592665672,2018-06-08,2018-05-24,2018-06-08
2018-05-26,8450.0,260.0,76.1687,72.3266,3.842100000000002,0.031746031746031855,0.05312153481568327,0.5976113426726397,2018-05-25,2018-05-14,2018-05-25
2018-05-12,8190.0,100.0,72.3266,70.9079,1.4187000000000012,0.012360939431396822,0.020007643718118917,0.6178108529692958,2018-05-11,2018-04-26,2018-05-11
2018-04-27,8090.0,255.0,70.9079,66.7137,4.194199999999995,0.03254626675175487,0.06286864617012689,0.517686776070896,2018-04-27,2018-04-16,2018-04-27
2018-04-13,7835.0,55.0,66.7137,65.3389,1.3748000000000076,0.007069408740359995,0.021041064358292116,0.3359815178538721,2018-04-13,2018-03-29,2018-04-13
2018-03-29,7780.0,170.0,65.3389,63.251,2.0878999999999976,0.02233902759526929,0.0330097547864856,0.6767401860378262,2018-03-29,2018-03-16,2018-03-29
2018-03-01,7610.0,-190.0,63.251,65.0638,-1.8128000000000029,-0.024358974358974383,-0.027861883259201026,0.8742759465453631,2018-03-01,2018-02-16,2018-03-01
2018-02-10,7800.0,-170.0,65.0638,67.3045,-2.240700000000004,-0.021329987452948562,-0.03329197899100367,0.6406944885647219,2018-02-09,2018-01-29,2018-02-09
2018-01-27,7970.0,65.0,67.3045,65.98429999999999,1.320200000000014,0.008222643896268256,0.020007789731800063,0.41097212668120536,2018-01-26,2018-01-15,2018-01-26
2018-01-13,7905.0,180.0,65.98429999999999,62.6288,3.355499999999992,0.023300970873786353,0.05357758730807549,0.4349014586977176,2018-01-12,2017-12-29,2018-01-12
2017-12-29,7725.0,70.0,62.6288,61.127100000000006,1.5016999999999925,0.009144350097975096,0.024566845147242278,0.3722232156049384,2017-12-29,2017-12-14,2017-12-29
2017-11-17,7655.0,265.0,61.127100000000006,57.7555,3.371600000000008,0.035859269282814576,0.058377124256564494,0.6142691977291466,2017-11-17,2017-11-06,2017-11-17
2017-11-03,7390.0,150.0,57.7555,55.5015,2.253999999999998,0.02071823204419898,0.040611515004098875,0.5101565908611859,2017-11-03,2017-10-23,2017-11-03
2017-09-30,7240.0,210.0,55.5015,52.7934,2.7081000000000017,0.029871977240398362,0.05129618475036657,0.5823430609073688,2017-09-29,2017-09-18,2017-09-29
2017-09-16,7030.0,95.0,52.7934,49.4376,3.355799999999995,0.013698630136986356,0.06787950871401516,0.2018080330354245,2017-09-15,2017-09-04,2017-09-15
2017-08-05,6935.0,175.0,49.4376,46.546,2.891600000000004,0.025887573964497035,0.06212349074034296,0.4167115153380404,2017-08-04,2017-07-24,2017-08-04
2017-07-22,6760.0,75.0,46.546,44.8627,1.6833000000000027,0.011219147344801783,0.037521147857797255,0.29900863873679007,2017-07-21,2017-07-10,2017-07-21
2017-06-24,6685.0,-250.0,44.8627,48.467800000000004,-3.6051000000000073,-0.03604902667627974,-0.07438134183932443,0.4846514701785212,2017-06-23,2017-06-12,2017-06-23
2017-06-10,6935.0,-180.0,48.467800000000004,50.9641,-2.496299999999998,-0.025298664792691494,-0.04898153798458127,0.516493883892645,2017-06-09,2017-05-25,2017-06-09
2017-05-26,7115.0,140.0,50.9641,48.0427,2.9213999999999984,0.02007168458781372,0.06080840585562419,0.3300807561946188,2017-05-26,2017-05-15,2017-05-26
2017-05-12,6975.0,-250.0,48.0427,52.39919999999999,-4.35649999999999,-0.03460207612456745,-0.08314058229896626,0.4161875604881069,2017-05-12,2017-04-27,2017-05-12
2017-04-13,7225.0,200.0,52.39919999999999,49.104,3.295199999999994,0.028469750889679624,0.06710654936461369,0.4242469797544405,2017-04-13,2017-03-31,2017-04-13
2017-03-29,7025.0,-230.0,49.104,51.537,-2.433,-0.03170227429359063,-0.04720880144362305,0.671533132046354,2017-03-29,2017-03-16,2017-03-29
2017-03-15,7255.0,-85.0,51.537,53.92530000000001,-2.388300000000008,-0.011580381471389622,-0.044289044289044455,0.26147282374874364,2017-03-15,2017-03-02,2017-03-15
2017-02-15,7340.0,50.0,53.92530000000001,53.5596,0.3657000000000039,0.006858710562414272,0.006827907601998584,1.0045113323453105,2017-02-15,2017-02-02,2017-02-15
2017-01-26,7290.0,-70.0,53.5596,53.8481,-0.2884999999999991,-0.009510869565217406,-0.005357663501590615,1.775189793534768,2017-01-26,2017-01-13,2017-01-26
2017-01-13,7360.0,240.0,53.8481,53.079499999999996,0.7686000000000064,0.03370786516853941,0.014480166542639061,2.3278644668403126,2017-01-13,2016-12-30,2017-01-13
2016-12-29,7120.0,100.0,53.079499999999996,52.2085,0.8709999999999951,0.014245014245014342,0.016683107156880483,0.8538585834797197,2016-12-29,2016-12-14,2016-12-29
2016-12-15,7020.0,435.0,52.2085,46.1848,6.023699999999998,0.06605922551252852,0.13042602761081556,0.5064880585771253,2016-12-15,2016-12-02,2016-12-15
2016-12-01,6585.0,175.0,46.1848,42.758300000000006,3.426499999999997,0.027301092043681807,0.08013648812043495,0.34068241177042524,2016-12-01,2016-11-18,2016-12-01
2016-11-17,6410.0,-365.0,42.758300000000006,49.0942,-6.335899999999995,-0.0538745387453875,-0.12905597809924585,0.41745093515898374,2016-11-17,2016-11-04,2016-11-17
2016-10-20,6775.0,355.0,49.0942,44.500600000000006,4.593599999999995,0.055295950155763274,0.10322557448663594,0.5356807208946281,2016-10-20,2016-10-07,2016-10-20
2016-09-19,6420.0,-155.0,44.500600000000006,45.7127,-1.2120999999999924,-0.02357414448669204,-0.026515607260126695,0.889066739276308,2016-09-19,2016-09-05,2016-09-19
2016-09-02,6575.0,205.0,45.7127,44.0206,1.6920999999999964,0.032182103610675084,0.038438821824327674,0.8372291887028454,2016-09-02,2016-08-19,2016-09-02
2016-08-19,6370.0,175.0,44.0206,40.0166,4.004000000000005,0.02824858757062154,0.1000584757325711,0.28232078655807513,2016-08-19,2016-08-05,2016-08-19
2016-08-05,6195.0,-220.0,40.0166,43.0495,-3.032900000000005,-0.034294621979734985,-0.07045145704363598,0.486783714898809,2016-08-05,2016-07-25,2016-08-05
2016-07-22,6415.0,-155.0,43.0495,49.0141,-5.964599999999997,-0.023592085235920823,-0.12169151325842964,0.1938679584485041,2016-07-22,2016-07-11,2016-07-22
2016-06-09,6570.0,110.0,49.0141,48.52,0.494099999999996,0.017027863777089758,0.010183429513602515,1.6721148562323518,2016-06-09,2016-05-26,2016-06-09
2016-05-26,6460.0,210.0,48.52,44.2976,4.2224,0.033600000000000074,0.09531893375713363,0.3525007957559687,2016-05-26,2016-05-13,2016-05-26
2016-05-12,6250.0,120.0,44.2976,40.4734,3.8242000000000047,0.019575856443719397,0.09448674932177692,0.20718097071001293,2016-05-12,2016-04-28,2016-05-12
